employee_id,first_name,last_name,email,phone,address,date_of_birth,department,job_title,salary,password
EMP0001,Caroline,Patterson,howardjoshua@example.net,929.890.3169x85780,"USS Perez, FPO AE 03013",2002-06-03,Payments,Armed forces technical officer,85181,7kU&6oHJi*6FP&
EMP0002,Tina,Perez,deckerjamie@example.org,406-674-3911,"21572 Smith Place, Kaylashire, NH 38685",1990-08-03,HR,Community pharmacist,93387,tbl8pIb5!!LsRV
EMP0003,Stephanie,Goodwin,carmen28@example.org,+1-435-967-8060x94345,"0150 Miller Extensions, Brooketown, RI 97418",2003-09-22,Data,Clothing/textile technologist,66274,5R3dD2LPW^!fP^
EMP0004,April,Lowe,caitlinwilliamson@example.com,(755)631-4771x34901,"6543 Robert Glens Apt. 494, Mooreton, DC 56185",1968-04-07,Finance,Banker,115425,RM%M4jnF4IB%uN
EMP0005,Elizabeth,Lucas,pcox@example.org,+1-742-732-4615x3892,"3319 Johnson Union Suite 999, Port Carla, LA 44654",1971-07-15,Data,"Nurse, adult",107175,TIPPNg1vVdnCEI
EMP0006,Shannon,King,hgriffin@example.org,(515)955-5644,"2933 Hunt Stravenue, North Angelatown, NM 36306",1977-06-19,Data,Music tutor,97125,ZT!gBzZax9h3S$
EMP0007,Joy,Graves,mckinneyjeremy@example.com,667.243.7022x6652,"144 Rachel Stream, Susanbury, KY 54370",2003-06-04,HR,Textile designer,119006,JXedDYyf4&ctF$
EMP0008,Kim,Flores,morgannathaniel@example.org,+1-273-628-1207x0154,"1184 Eric Islands, West Zacharyville, ME 94878",1966-08-27,Payments,Sports development officer,31664,&hu1ma#JlxY^GG
EMP0009,Scott,Dean,rreyes@example.org,9846354898,"70224 Woods Fall Apt. 831, East Christopherborough, AZ 02379",1965-09-19,Risk,Hydrographic surveyor,113203,EDHf*5StLhlxmO
EMP0010,Kaitlin,Smith,david58@example.com,376-380-8239,"31615 Mills Freeway Apt. 805, Meganborough, SD 11456",1996-01-31,Payments,Air traffic controller,44621,LozKfW%mFy*k&A
EMP0011,Michelle,Kim,ataylor@example.net,+1-296-946-1998x6570,"67123 Jay Walks Suite 754, Diamondville, OR 19308",1974-08-16,Risk,"Buyer, retail",136249,RHQGaNW0STxb1g
EMP0012,Eric,Bennett,nboyd@example.com,638.776.5161,"85985 Cristian Route Apt. 397, Rachaelview, UT 91241",1978-11-04,HR,"Surveyor, commercial/residential",50673,z$rcL#2GaMX6yf
EMP0013,Edwin,Byrd,amy58@example.net,+1-286-856-8286,"2005 Vanessa Estates Apt. 735, Richardville, VA 81282",1966-07-11,Finance,"Therapist, speech and language",57685,4qIVZ1QZ5VfW7K
EMP0014,David,Jensen,jpark@example.com,584-394-3938,"121 Campbell Stravenue Apt. 419, Leslieville, RI 22058",2000-06-07,Data,"Engineer, automotive",75918,yOoqp%6A@0SxPZ
EMP0015,Joseph,Wright,acevedoabigail@example.com,928.919.0194x8223,"53749 William Village, Michaelaton, IL 13309",2001-03-04,Risk,Sports administrator,108321,89U65bz*aEO7^9
EMP0016,Jon,Jones,ryan62@example.net,+1-525-298-0248,"Unit 3016 Box 1957, DPO AP 71455",1976-09-22,Operations,Clinical biochemist,67359,U@60jEL3wnXS$q
EMP0017,Tonya,Walker,gutierrezjessica@example.com,204.779.3029x948,"916 Diana Path Apt. 587, South Danielle, CO 39817",1982-07-19,Finance,Marketing executive,91645,VKZ&upGjw8nWQr
EMP0018,Candice,Smith,millerchelsey@example.org,(600)486-5689x1900,"69290 West Well, North Rachel, MP 99802",1981-01-10,IT,"Engineer, broadcasting (operations)",100134,y%B2B3fn#cXQ^o
EMP0019,Angela,Barber,kathrynreyes@example.org,468.532.3935x215,"537 Scott Gateway Apt. 964, West Jeremy, MI 66782",1972-12-17,Operations,Web designer,39257,9OhcB4F2rcUTxB
EMP0020,James,Roth,dawnkoch@example.com,927.877.8036x559,"78807 Donna Cliffs Suite 616, Danielshire, MT 85117",1991-01-16,Operations,Science writer,42899,I5eceR^id@XbHT
EMP0021,Sarah,Ward,kconway@example.org,4505300553,"1379 Joseph Stream, Vangfurt, RI 97322",1974-01-29,IT,Clinical cytogeneticist,136655,eBUDn&S20P&jFn
EMP0022,Andrew,Diaz,harrellpatrick@example.com,279-336-3825x7493,"Unit 1572 Box 0602, DPO AP 55421",1970-12-30,Data,"Engineer, land",95218,0BZbc9X98DcpL!
EMP0023,Thomas,Rush,joycerivera@example.org,460.513.8257x31509,"628 Abigail Ways, New Brianfort, FL 13140",1980-11-03,Finance,Futures trader,51311,ML*Wd9JpWgy6a5
EMP0024,Crystal,Garza,bhernandez@example.net,+1-542-823-4636x33046,"27803 Christopher Meadows, South Douglas, OR 38792",1975-03-04,Payments,Equities trader,52898,NT^h$&yhGdCGb8
EMP0025,Wanda,Wallace,robertthompson@example.net,469-648-2173x6462,"37825 Weaver Landing, North Alexandra, CT 72815",1994-07-17,Payments,Trade mark attorney,57407,5Z@asxxTmLWTVM
EMP0026,Misty,Berg,cadams@example.net,5893976246,"38351 Quinn Trafficway, West Aaron, ME 33059",1981-09-28,IT,Copy,134690,MeXFq0m1i8Pjio
EMP0027,Michael,Taylor,johnsronald@example.com,001-530-509-6340x59686,"1690 Michael Brooks Suite 187, Sandraland, NE 89398",2005-03-27,Operations,Retail banker,107292,T74Vg5mtxP1E4D
EMP0028,Michelle,Henson,martinalan@example.com,001-786-314-5188,"839 Henry Junction, Angelatown, OK 55556",1976-11-03,IT,Volunteer coordinator,48295,O@exYB0GfVQdIa
EMP0029,Omar,Hudson,gmeyer@example.com,+1-557-374-6315x1305,"1013 Vargas Neck, West Jasmine, AR 36564",1966-12-18,Operations,Barrister's clerk,119498,s%l*6R8vy$nPZE
EMP0030,Jill,Neal,zbrown@example.org,001-214-536-1324x832,"154 Michelle Inlet, Youngfort, NY 46790",1980-12-25,IT,"Social research officer, government",47326,T!qt$sx!GaPBLH
EMP0031,Michael,Wolf,johnsonnatalie@example.org,328.612.3403x0198,"91122 Adrian Loop, West John, NJ 86686",2004-04-08,Payments,Proofreader,140799,ZteJUiaz3HyYFN
EMP0032,Stephen,Webb,sylvia98@example.com,+1-553-267-6525,"386 Eric Lodge, Shawnchester, MI 47923",1974-10-14,Finance,Futures trader,102615,QrjluMNO0di!Hu
EMP0033,Daniel,Williams,kristenlopez@example.org,001-432-921-6008x30999,"175 Frank Vista Suite 429, Haynesstad, NY 35705",1979-01-04,Data,Hospital pharmacist,33927,^t$BHJCWtwr@Fm
EMP0034,Ryan,Clark,allisonjonathan@example.org,494.785.3001x23959,"32148 Rachel Center, Michaeltown, IA 14359",1969-08-21,HR,Armed forces technical officer,106144,C$hg7T28YeWMw3
EMP0035,Austin,Scott,sherimoore@example.org,403.243.6272,"021 Matthew Point, Whitefurt, OR 27193",2004-10-16,Payments,"Administrator, local government",104785,&NFnH^5ukuCgMk
EMP0036,Heather,Rodriguez,natalie07@example.org,(384)645-0573x11954,"USS Sanchez, FPO AE 81710",1990-12-02,Operations,"Designer, industrial/product",138411,Goaz5v8cW70@4b
EMP0037,Mary,Torres,whiteariana@example.com,537-776-1210x39111,"PSC 8659, Box 7617, APO AP 56525",2004-09-26,Operations,Brewing technologist,89457,9qv*i*OlOWRGvh
EMP0038,Andrew,Russell,adkinselizabeth@example.com,+1-322-545-1950x6702,"627 Tracie Manor Apt. 713, East Briannaburgh, PA 02678",1986-12-26,Risk,"Solicitor, Scotland",142061,ma&Z5RiHjz13Hn
EMP0039,Thomas,Weeks,jennifer22@example.org,362.645.2608x6903,"PSC 7213, Box 4704, APO AE 85548",2002-06-19,Payments,Audiological scientist,81594,KSDLX9sevZ*AUY
EMP0040,Erin,Deleon,sethclark@example.org,655.329.7843,"433 Hicks Fork, North Tammyfort, LA 59478",1975-06-02,Operations,Television camera operator,50369,g&aW9ukmZz0SEP
EMP0041,Denise,Brown,stephen15@example.org,588-713-3001,"132 Monica Parks, Alexanderside, NC 15150",1978-05-23,Payments,Sports development officer,72378,0M9$oG9JhqADW7
EMP0042,James,Flores,jasonponce@example.net,001-498-241-8691,"823 Curry Curve, Floresland, RI 53747",1973-01-27,Finance,Physiological scientist,131637,ZaP1Kvb3QXokIT
EMP0043,Vanessa,Smith,heather70@example.org,710-752-5206x98339,"145 Rasmussen Junction Apt. 905, Lake Michele, ME 64867",1968-10-16,Risk,Furniture conservator/restorer,30450,fm#r4K@0X$d6&f
EMP0044,Brittany,Gillespie,jefferyhall@example.com,565.648.0372x515,"032 Elliott Rapid, South Michaelburgh, MP 92763",1967-09-02,HR,Estate manager/land agent,111771,eJ8W05XhO6jHyw
EMP0045,David,Jackson,jennifer82@example.org,(980)348-6853,"PSC 5880, Box 1282, APO AP 97817",1977-04-06,Payments,"Designer, television/film set",133649,IcAVXKYJJU2#9u
EMP0046,Dawn,Morrow,katherine16@example.net,(280)933-3874,"PSC 4721, Box 5821, APO AA 42661",1982-04-10,HR,Intelligence analyst,122941,M6bM5hICK$p!BY
EMP0047,Christian,Hill,ebonychandler@example.net,818.918.5297x423,"8585 Paul Fork Suite 151, Lake Nicole, NM 90581",1966-07-15,Finance,"Buyer, retail",141952,GBUB4!p!7ov!eE
EMP0048,Jessica,Nunez,smithkenneth@example.com,351.399.5355,"96087 Matthew Pine Apt. 072, West Vanessaland, KS 35367",1987-08-03,Finance,Soil scientist,133697,Pv8xHTaw7Z%Q4g
EMP0049,Kim,Burton,anthonyscott@example.org,533-507-1368x4713,"37281 Sandoval Harbor, East Danafurt, UT 51307",1990-11-30,HR,"Administrator, arts",147985,M#e*1DBRmBHpMW
EMP0050,John,Hart,jordan33@example.net,804.637.9558x809,"5903 Massey Avenue Suite 821, New Melissaview, PW 22891",1972-03-19,Finance,"Engineer, production",130055,a3U26vyoR&@U#l
EMP0051,Angela,Jensen,griffinjeffrey@example.net,001-455-659-4288x29735,"661 Beasley Viaduct, Samanthafort, OH 17964",1973-02-26,Finance,Investment analyst,74843,1xzXUrl#F5Wt@N
EMP0052,Gregory,Hamilton,mathewwatkins@example.net,239-595-1613,"23006 Travis Meadows, New Michelemouth, SC 70840",1985-03-14,HR,Arboriculturist,106089,wZ2N1lWLNJPtmk
EMP0053,Ricardo,Edwards,andreahunt@example.com,(937)406-8945,"890 Harmon Road, Jenkinston, TX 40200",1981-10-23,IT,"Therapist, drama",93143,!Ev%rzjc3rZRpm
EMP0054,Monique,Munoz,matthewboyd@example.org,921.270.0027,"563 Darin Loop Suite 673, Smithton, FL 92769",1983-01-12,HR,Solicitor,133684,TVJpqprf7$UY#z
EMP0055,Keith,Tran,eadkins@example.org,(297)615-3759x5553,"4742 Horton Forge, West Matthewstad, DE 13569",1997-04-28,IT,Historic buildings inspector/conservation officer,55783,TgB^ZAkjeJHC3f
EMP0056,Jessica,Rodriguez,ryanbeck@example.com,885-550-1287,"9593 Roth Terrace Suite 256, Carpenterville, DE 43648",1975-04-25,IT,Clinical cytogeneticist,65564,HKwff!50rry%Mh
EMP0057,Samantha,Hill,jason28@example.net,+1-608-599-3510x18561,"460 Lopez Rest Suite 191, North Susanport, AL 37457",1981-12-24,IT,"Doctor, general practice",77638,2^5z897l%@No9K
EMP0058,Debbie,Russell,burnsmikayla@example.com,895.461.3442x45050,"574 Pratt Wall Apt. 367, Lanefort, SD 13274",2004-03-09,Finance,Gaffer,101333,emTDHfXZqidbQ^
EMP0059,Melissa,Fox,shannonadams@example.net,(984)217-5988,"27809 Hayes Parkway, New Brandon, GA 85040",1976-01-23,Risk,"Clinical scientist, histocompatibility and immunogenetics",58235,!3XN8QcQzJbZTb
EMP0060,Valerie,Richardson,karen09@example.org,731.922.8073x007,"9737 Robinson Falls Suite 111, South Susanstad, IL 71239",1969-08-21,IT,Manufacturing engineer,142881,%31Zi7XQf7FG4$
EMP0061,Michael,Patel,christian70@example.com,(643)317-4684,"12764 Jeffery Shore Suite 939, North Kimberly, LA 47480",1986-02-12,Data,Paediatric nurse,80118,5^YY!3M%8W8C#k
EMP0062,Claudia,Sherman,qhill@example.com,8854592402,"014 Harris Views, North Staceystad, CO 47431",1983-07-22,Data,Translator,31557,Z3gjGuQgaxjcqC
EMP0063,Elizabeth,Roman,samuelmckinney@example.com,(919)912-9834,"4458 Delgado Estate Apt. 240, Tarahaven, WY 23886",1990-03-23,HR,Medical secretary,106828,wqwPV2f*QYD3HK
EMP0064,Cameron,Ramsey,coleruth@example.org,001-734-677-0831,"PSC 8326, Box 4698, APO AE 82100",1980-09-22,Payments,Event organiser,84773,LNOKWWXh#fYKo#
EMP0065,Robert,Bryant,mcguirewilliam@example.com,327-991-0215x6943,"8023 Pena Radial, Port Nathanview, IA 82151",1997-01-30,Operations,"Designer, industrial/product",110440,eF#S#EG4!S$b*#
EMP0066,Benjamin,Estrada,agutierrez@example.com,001-604-575-6600x8245,"0239 Terry Plains Apt. 703, West Lauren, UT 71729",1998-03-27,Payments,Pathologist,129443,#1jqhnaS%KJB7T
EMP0067,Matthew,Flowers,cindysimpson@example.org,300.245.7431,"7115 Munoz Haven Apt. 928, Mariamouth, DE 53711",1987-12-31,Payments,Biomedical engineer,41077,KPT4SRooF18B*M
EMP0068,Sandra,Jackson,slewis@example.org,500.400.3794,"80936 Jackson Shoals, Maryhaven, MI 49389",1974-01-09,Payments,Production engineer,105467,U6mDBD^6dN%okG
EMP0069,Caroline,Moore,andrea11@example.org,898.640.7725x60601,"26770 Ewing Wells Apt. 336, Thompsonshire, OK 68252",1984-03-23,Finance,"Engineer, agricultural",45656,mg#5@uJkOBEOm@
EMP0070,Rebecca,Singleton,jefferyallen@example.net,+1-457-628-2127,"93942 Fernandez Turnpike Suite 117, South Lisabury, CT 44081",1967-10-16,IT,Best boy,61831,uVM71EfCK7$9q&
EMP0071,John,Key,ingramcarrie@example.net,001-598-417-9794x2765,"2362 Shepherd Glens, East Lindseyhaven, NC 73342",2001-01-30,Data,"Psychologist, educational",121176,Ryq$kv&gqpxgw7
EMP0072,John,Ramirez,holly86@example.org,001-437-733-8523x5315,"9426 Rebecca Causeway, Howardmouth, FM 32802",1985-11-27,Data,"Administrator, education",132299,66!LVxZxq%Xlsw
EMP0073,Marcia,Thomas,igray@example.com,(418)545-6879x491,"5180 Gina Road, South Christopher, WI 54005",2002-12-21,Operations,"Administrator, arts",127734,nNrZT4rimj*xjW
EMP0074,Martin,Williams,meredithle@example.org,001-207-460-5385x0809,"39341 Carrie Common Suite 190, Bishopview, RI 53140",1981-02-16,HR,"Therapist, drama",58211,r1BL*kZEGA%deA
EMP0075,Charles,Graham,christinamorris@example.org,+1-993-530-3600,"078 Sanchez Viaduct Apt. 254, New Franciscoville, WI 01840",1986-12-21,Risk,"Research officer, government",125869,q%9^8!NcQg7%Sd
EMP0076,Julian,Orr,david70@example.net,7205333351,"380 Terry Park, Mcmahonville, ME 15976",1980-08-23,Operations,"Engineer, land",104600,*wIEnufp&oOa5P
EMP0077,Nicole,Anderson,silvanatalie@example.org,(737)202-5680x724,"19160 Deborah Hollow Apt. 180, Sylviaborough, SC 03306",1983-03-14,HR,Prison officer,34423,m*3sngOrPpGA**
EMP0078,Brandon,Howell,michael66@example.net,(522)918-8345x493,"755 Wood Burgs Suite 089, Fieldsborough, PR 80484",1994-01-26,Operations,Veterinary surgeon,113404,@Uy$8qIGqikJ14
EMP0079,Whitney,Ruiz,jeffrey82@example.net,576.898.8629x259,"5617 Arnold Station Apt. 069, Garyton, UT 33820",1978-11-01,IT,Lobbyist,128858,K5JUhCoQvK^i&R
EMP0080,Chase,Valentine,zhunter@example.com,904.513.4051,"7782 Jennings Highway Apt. 371, Briggsmouth, KY 24875",1995-12-17,Payments,Systems analyst,135843,RiG3p3sX*CPdHm
EMP0081,Laura,Chen,wdunn@example.org,+1-341-728-6308x512,"1406 Bradford Mountains Suite 690, Makaylaborough, FL 96142",1976-08-10,Risk,Hospital pharmacist,148066,2CfhW8#M!9k2Gp
EMP0082,Michael,Campbell,candace94@example.org,620-704-8138,"540 Chase Green Suite 858, East Terrimouth, MN 24485",1995-08-26,Risk,Equities trader,65002,ZOv2Kbz17TL!L7
EMP0083,Frank,Watkins,benjaminpeterson@example.com,(698)691-9116x4945,"9046 Monica Extensions Apt. 589, Eugenehaven, WY 55280",1994-07-09,Data,Financial risk analyst,89022,6l8w#xVeNwKlWC
EMP0084,Carla,Hicks,alexandramorton@example.net,824-654-0358x36954,"73283 Gonzalez Glens Suite 540, North Lisaview, MO 66688",1999-01-31,HR,Communications engineer,45377,V00AHtTKP2NPRg
EMP0085,Erica,Franklin,ogonzalez@example.org,333-300-5390x4625,"0337 Riley Courts Suite 429, Charlesmouth, AK 54019",1981-06-13,Payments,Research scientist (physical sciences),31888,h@uDKRRLchBuNM
EMP0086,Christina,Hill,fosteralan@example.net,533-836-3958x34141,"500 Mccann Stravenue Suite 697, Port Andrew, WY 06907",1981-07-15,Risk,"Engineer, water",68396,MrQC!%axIl%KiH
EMP0087,Maria,Preston,ian80@example.com,+1-649-438-1321x02215,"838 Michael Cove Suite 482, Port Stephanie, SD 29188",1987-05-24,HR,Curator,42479,me%TEo6$RF6jV*
EMP0088,Steven,Reese,angelicameza@example.org,563-610-2867,"44310 John Station Suite 622, North Connieport, KS 01448",1977-04-09,Data,Charity officer,112101,lRD64KtOvtP1Y#
EMP0089,Michael,Smith,parrishmatthew@example.com,001-766-312-3751x512,"411 Kelly Glens, West Timothy, IA 30288",1977-01-09,Payments,Energy manager,57710,$PGW4V^uur#NjE
EMP0090,Tiffany,Lane,vincent55@example.org,(457)353-0088x10822,"92116 Christine Trace, North Reginald, MS 22106",1992-12-14,Payments,Chemical engineer,84802,Y91$4TEyL*Zark
EMP0091,Corey,Young,robertwilliams@example.net,(814)423-5470x121,"609 Galvan Via, South Kenneth, VA 27178",2002-05-22,Operations,International aid/development worker,37209,Fd4X3rKGnoYZTF
EMP0092,Erica,Sweeney,walshbarry@example.org,(701)601-3370x745,"326 John Run, Kevinfurt, PW 26144",1967-01-14,Finance,Clinical cytogeneticist,80132,0YW5ZxVdetRq*B
EMP0093,Hannah,Graham,kellygarcia@example.com,001-951-209-8834x722,"4737 Chris Inlet Apt. 409, Jamesland, VA 10352",1987-10-07,HR,Charity officer,105565,8GgoqUVAoJ8%y3
EMP0094,Charlene,Murray,meyerpatrick@example.net,635.521.2911x73273,"512 Manuel Light Suite 864, Bruceberg, WV 46445",2001-05-22,HR,Building control surveyor,122830,ipqNWAqxiHc60l
EMP0095,Jose,Newman,stevenshah@example.com,890-991-9711x55283,"2282 Randy Cove, West Paulberg, MP 35583",1971-10-18,Data,Stage manager,31959,5nZ1G^Z!&&H*Tu
EMP0096,Nicole,Martinez,kaitlyn48@example.org,418-845-0294x97493,"82033 Lee Brook, Lake Kennethport, GA 84518",1983-03-09,Data,Facilities manager,111936,YyPz^yAGyqCnJf
EMP0097,Jordan,Moody,khays@example.org,548.347.9969x7145,"04244 Santiago Rapid, Archerville, MS 73612",1989-12-19,IT,"Geologist, wellsite",88472,Pywwk*iH!zbQ^9
EMP0098,Gabriela,Ray,steven50@example.net,(516)285-4189x88336,"26888 Juan Mill Suite 124, Kelleytown, TX 92749",2002-02-15,Data,Mechanical engineer,107660,t^PXICHNI$HI!1
EMP0099,John,Joseph,leonardsmith@example.net,+1-249-474-8327x5322,"4776 Katie River Suite 639, Peterview, PW 54629",1975-09-03,Risk,Sales promotion account executive,34823,e26pNnr9LFtTr9
EMP0100,Katherine,Cohen,kbates@example.com,779-890-3783x030,"49980 Brandon Estates, Leeborough, TN 78244",1972-05-28,HR,Fisheries officer,124794,5wt8$Mt3Sx8R*b
